service_code,place_of_service,region,service_year,modifier,provider_offer,payer_offer,prevailing_offer
99284,23,"Atlanta-Sandy Springs-Alpharetta, GA",2025,N/R,539.38,354.85,539.38
99284,23,"Atlanta-Sandy Springs-Alpharetta, GA",2025,N/R,652.48,255.36,255.36
99284,23,"Atlanta-Sandy Springs-Alpharetta, GA",2025,N/R,770.83,317.62,770.83
99284,23,"Atlanta-Sandy Springs-Alpharetta, GA",2025,N/R,564.98,210.67,564.98
99284,23,"Atlanta-Sandy Springs-Alpharetta, GA",2025,N/R,690.73,224.55,224.55
99284,23,"Atlanta-Sandy Springs-Alpharetta, GA",2025,N/R,563.61,258.87,563.61
99284,23,"Atlanta-Sandy Springs-Alpharetta, GA",2025,N/R,839.12,365.12,365.12
99284,23,"Atlanta-Sandy Springs-Alpharetta, GA",2025,N/R,701.72,217.15,701.72
99284,23,"Atlanta-Sandy Springs-Alpharetta, GA",2025,N/R,659.12,234.32,234.32
99284,23,"Atlanta-Sandy Springs-Alpharetta, GA",2025,N/R,612.64,242.51,242.51
99284,23,"Atlanta-Sandy Springs-Alpharetta, GA",2025,N/R,524.96,404.87,524.96
99284,23,"Atlanta-Sandy Springs-Alpharetta, GA",2025,N/R,678.72,282.01,678.72
99284,23,"Atlanta-Sandy Springs-Alpharetta, GA",2025,N/R,547.29,217.8,217.8
99284,23,"Atlanta-Sandy Springs-Alpharetta, GA",2025,N/R,564.55,373.85,564.55
99284,23,"Atlanta-Sandy Springs-Alpharetta, GA",2025,N/R,828.76,397.73,397.73
99284,23,"Atlanta-Sandy Springs-Alpharetta, GA",2025,N/R,754.61,331.96,331.96
99284,23,"Atlanta-Sandy Springs-Alpharetta, GA",2025,N/R,524.09,310.03,310.03
99284,23,"Atlanta-Sandy Springs-Alpharetta, GA",2025,N/R,552.39,403.87,403.87
99284,23,"Atlanta-Sandy Springs-Alpharetta, GA",2025,N/R,627.46,286.7,627.46
99284,23,"Atlanta-Sandy Springs-Alpharetta, GA",2025,N/R,618.88,418.92,618.88
99284,23,"Atlanta-Sandy Springs-Alpharetta, GA",2025,N/R,489.66,229.59,229.59
99284,23,"Atlanta-Sandy Springs-Alpharetta, GA",2025,N/R,837.42,314.16,837.42
99284,23,"Atlanta-Sandy Springs-Alpharetta, GA",2025,N/R,678.16,367.12,678.16
99284,23,"Atlanta-Sandy Springs-Alpharetta, GA",2025,N/R,699.2,326.86,699.2
99284,23,"Atlanta-Sandy Springs-Alpharetta, GA",2025,N/R,545.04,245.72,545.04
99284,23,"Atlanta-Sandy Springs-Alpharetta, GA",2025,N/R,813.75,282.79,813.75
99284,23,"Atlanta-Sandy Springs-Alpharetta, GA",2025,N/R,590.38,231.69,590.38
99284,23,"Atlanta-Sandy Springs-Alpharetta, GA",2025,N/R,772.93,373.17,772.93
99284,23,"Atlanta-Sandy Springs-Alpharetta, GA",2025,N/R,726.01,351.94,351.94
99284,23,"Atlanta-Sandy Springs-Alpharetta, GA",2025,N/R,824.98,295.47,295.47
99284,23,"Atlanta-Sandy Springs-Alpharetta, GA",2025,N/R,826.11,334.01,334.01
99284,23,"Atlanta-Sandy Springs-Alpharetta, GA",2025,N/R,656.73,288.87,656.73
99284,23,"Atlanta-Sandy Springs-Alpharetta, GA",2025,N/R,795.41,244.08,795.41
99284,23,"Atlanta-Sandy Springs-Alpharetta, GA",2025,N/R,769.9,372.52,769.9
99284,23,"Atlanta-Sandy Springs-Alpharetta, GA",2025,N/R,781.32,220.96,781.32
99284,23,"Atlanta-Sandy Springs-Alpharetta, GA",2025,N/R,584.35,298.11,584.35
99284,23,"Atlanta-Sandy Springs-Alpharetta, GA",2025,N/R,505.0,281.0,281.0
99284,23,"Atlanta-Sandy Springs-Alpharetta, GA",2025,N/R,834.04,366.63,834.04
99284,23,"Atlanta-Sandy Springs-Alpharetta, GA",2025,N/R,570.8,411.36,570.8
99284,23,"Atlanta-Sandy Springs-Alpharetta, GA",2025,N/R,742.3,215.94,742.3
99284,23,"Atlanta-Sandy Springs-Alpharetta, GA",2025,N/R,781.77,377.0,377.0
99284,23,"Atlanta-Sandy Springs-Alpharetta, GA",2025,N/R,696.49,299.48,696.49
99284,23,"Atlanta-Sandy Springs-Alpharetta, GA",2025,N/R,785.76,274.68,785.76
99284,23,"Atlanta-Sandy Springs-Alpharetta, GA",2025,N/R,579.35,371.33,579.35
99284,23,"Atlanta-Sandy Springs-Alpharetta, GA",2025,N/R,726.71,410.33,726.71
99284,23,"Atlanta-Sandy Springs-Alpharetta, GA",2025,N/R,693.73,345.21,345.21
99284,23,"Atlanta-Sandy Springs-Alpharetta, GA",2025,N/R,690.36,264.01,690.36
99284,23,"Atlanta-Sandy Springs-Alpharetta, GA",2025,N/R,825.14,400.18,825.14
99284,23,"Atlanta-Sandy Springs-Alpharetta, GA",2025,N/R,514.14,229.73,514.14
99284,23,"Atlanta-Sandy Springs-Alpharetta, GA",2025,N/R,640.87,239.57,239.57
99284,23,"Atlanta-Sandy Springs-Alpharetta, GA",2025,N/R,715.92,236.57,715.92
99284,23,"Atlanta-Sandy Springs-Alpharetta, GA",2025,N/R,596.74,313.71,596.74
99284,23,"Atlanta-Sandy Springs-Alpharetta, GA",2025,N/R,539.79,248.63,539.79
99284,23,"Atlanta-Sandy Springs-Alpharetta, GA",2025,N/R,735.59,325.51,735.59
99284,23,"Atlanta-Sandy Springs-Alpharetta, GA",2025,N/R,735.92,393.51,393.51
99284,23,"Atlanta-Sandy Springs-Alpharetta, GA",2025,N/R,764.66,211.64,764.66
99284,23,"Atlanta-Sandy Springs-Alpharetta, GA",2025,N/R,502.86,370.42,502.86
99284,23,"Atlanta-Sandy Springs-Alpharetta, GA",2025,N/R,736.14,263.11,736.14
99284,23,"Atlanta-Sandy Springs-Alpharetta, GA",2025,N/R,592.9,218.8,592.9
99284,23,"Atlanta-Sandy Springs-Alpharetta, GA",2025,N/R,591.39,399.16,591.39
99284,23,"Atlanta-Sandy Springs-Alpharetta, GA",2025,N/R,661.12,325.36,325.36
99284,23,"Atlanta-Sandy Springs-Alpharetta, GA",2025,N/R,515.48,336.25,515.48
99284,23,"Atlanta-Sandy Springs-Alpharetta, GA",2025,N/R,744.45,413.09,744.45
99284,23,"Atlanta-Sandy Springs-Alpharetta, GA",2025,N/R,731.8,320.42,731.8
99284,23,"Atlanta-Sandy Springs-Alpharetta, GA",2025,N/R,502.94,381.08,381.08
99284,23,"Atlanta-Sandy Springs-Alpharetta, GA",2025,N/R,607.88,276.8,276.8
99284,23,"Atlanta-Sandy Springs-Alpharetta, GA",2025,N/R,518.74,225.98,518.74
99284,23,"Atlanta-Sandy Springs-Alpharetta, GA",2025,N/R,773.16,369.58,773.16
99284,23,"Atlanta-Sandy Springs-Alpharetta, GA",2025,N/R,703.7,214.15,703.7
99284,23,"Atlanta-Sandy Springs-Alpharetta, GA",2025,N/R,639.35,318.66,639.35
99284,23,"Atlanta-Sandy Springs-Alpharetta, GA",2025,N/R,624.54,257.35,624.54
99284,23,"Atlanta-Sandy Springs-Alpharetta, GA",2025,N/R,636.21,261.88,261.88
99284,23,"Atlanta-Sandy Springs-Alpharetta, GA",2025,N/R,774.23,361.99,774.23
99284,23,"Atlanta-Sandy Springs-Alpharetta, GA",2025,N/R,565.12,290.94,565.12
99284,23,"Atlanta-Sandy Springs-Alpharetta, GA",2025,N/R,707.46,412.26,707.46
99284,23,"Atlanta-Sandy Springs-Alpharetta, GA",2025,N/R,652.69,313.3,313.3
99284,23,"Atlanta-Sandy Springs-Alpharetta, GA",2025,N/R,800.57,373.7,800.57
99284,23,"Atlanta-Sandy Springs-Alpharetta, GA",2025,N/R,753.07,350.29,350.29
99284,23,"Atlanta-Sandy Springs-Alpharetta, GA",2025,N/R,731.65,353.42,731.65
99284,23,"Atlanta-Sandy Springs-Alpharetta, GA",2025,N/R,810.0,291.05,810.0
99284,23,"Atlanta-Sandy Springs-Alpharetta, GA",2025,N/R,776.94,412.38,412.38
99284,23,"Atlanta-Sandy Springs-Alpharetta, GA",2025,N/R,482.3,275.65,482.3
99284,23,"Atlanta-Sandy Springs-Alpharetta, GA",2025,N/R,620.84,240.54,620.84
99284,23,"Atlanta-Sandy Springs-Alpharetta, GA",2025,N/R,508.63,273.55,273.55
99284,23,"Atlanta-Sandy Springs-Alpharetta, GA",2025,N/R,747.25,307.09,747.25
99284,23,"Atlanta-Sandy Springs-Alpharetta, GA",2025,N/R,824.16,357.83,824.16
99284,23,"Atlanta-Sandy Springs-Alpharetta, GA",2025,N/R,600.71,344.73,600.71
99284,23,"Atlanta-Sandy Springs-Alpharetta, GA",2025,N/R,573.91,409.76,573.91
99284,23,"Atlanta-Sandy Springs-Alpharetta, GA",2025,N/R,571.53,387.53,571.53
99284,23,"Atlanta-Sandy Springs-Alpharetta, GA",2025,N/R,725.22,251.98,725.22
99284,23,"Atlanta-Sandy Springs-Alpharetta, GA",2025,N/R,579.87,289.59,289.59
99284,23,"Atlanta-Sandy Springs-Alpharetta, GA",2025,N/R,648.11,301.75,648.11
99284,23,"Atlanta-Sandy Springs-Alpharetta, GA",2025,N/R,581.03,246.61,581.03
99284,23,"Atlanta-Sandy Springs-Alpharetta, GA",2025,N/R,578.06,249.58,249.58
99284,23,"Atlanta-Sandy Springs-Alpharetta, GA",2025,N/R,492.38,380.19,380.19
99284,23,"Atlanta-Sandy Springs-Alpharetta, GA",2025,N/R,733.66,213.99,733.66
99284,23,"Atlanta-Sandy Springs-Alpharetta, GA",2025,N/R,494.14,337.65,337.65
99284,23,"Atlanta-Sandy Springs-Alpharetta, GA",2025,N/R,566.48,211.6,566.48
99284,23,"Atlanta-Sandy Springs-Alpharetta, GA",2025,N/R,514.03,274.88,514.03
99284,23,"Atlanta-Sandy Springs-Alpharetta, GA",2025,N/R,802.0,287.71,802.0
99284,23,"Minneapolis-St. Paul-Bloomington, MN-WI",2025,N/R,867.02,433.72,867.02
99284,23,"Minneapolis-St. Paul-Bloomington, MN-WI",2025,N/R,564.06,282.64,564.06
99284,23,"Minneapolis-St. Paul-Bloomington, MN-WI",2025,N/R,769.17,291.58,291.58
99284,23,"Minneapolis-St. Paul-Bloomington, MN-WI",2025,N/R,888.15,458.19,458.19
99284,23,"Minneapolis-St. Paul-Bloomington, MN-WI",2025,N/R,551.18,376.53,551.18
99284,23,"Minneapolis-St. Paul-Bloomington, MN-WI",2025,N/R,911.07,415.77,415.77
99284,23,"Minneapolis-St. Paul-Bloomington, MN-WI",2025,N/R,620.82,252.2,252.2
99284,23,"Minneapolis-St. Paul-Bloomington, MN-WI",2025,N/R,791.46,385.63,791.46
99284,23,"Chicago-Naperville-Elgin, IL-IN-WI",2025,N/R,832.04,304.39,832.04
99284,23,"Chicago-Naperville-Elgin, IL-IN-WI",2025,N/R,657.72,295.29,657.72
99284,23,"Chicago-Naperville-Elgin, IL-IN-WI",2025,N/R,867.16,243.66,867.16
99284,23,"Chicago-Naperville-Elgin, IL-IN-WI",2025,N/R,719.58,381.75,719.58
99284,23,"Chicago-Naperville-Elgin, IL-IN-WI",2025,N/R,625.24,240.87,625.24
99284,23,"Chicago-Naperville-Elgin, IL-IN-WI",2025,N/R,713.07,382.37,713.07
99284,23,"Chicago-Naperville-Elgin, IL-IN-WI",2025,N/R,581.69,251.18,251.18
99284,23,"Chicago-Naperville-Elgin, IL-IN-WI",2025,N/R,730.04,320.42,730.04
99284,23,"Chicago-Naperville-Elgin, IL-IN-WI",2025,N/R,803.85,346.84,803.85
99284,23,"Chicago-Naperville-Elgin, IL-IN-WI",2025,N/R,842.64,276.12,842.64
99284,23,"Chicago-Naperville-Elgin, IL-IN-WI",2025,N/R,657.39,348.66,657.39
99284,23,"Chicago-Naperville-Elgin, IL-IN-WI",2025,N/R,587.9,388.94,587.9
99284,23,"Chicago-Naperville-Elgin, IL-IN-WI",2025,N/R,583.18,421.09,421.09
99284,23,"Chicago-Naperville-Elgin, IL-IN-WI",2025,N/R,873.48,382.08,873.48
99284,23,"Chicago-Naperville-Elgin, IL-IN-WI",2025,N/R,823.29,432.88,823.29
99284,23,"Chicago-Naperville-Elgin, IL-IN-WI",2025,N/R,874.3,448.22,874.3
99284,23,"Chicago-Naperville-Elgin, IL-IN-WI",2025,N/R,887.32,440.62,440.62
99284,23,"Chicago-Naperville-Elgin, IL-IN-WI",2025,N/R,524.39,307.56,524.39
99284,23,"Chicago-Naperville-Elgin, IL-IN-WI",2025,N/R,756.8,399.42,756.8
99284,23,"Chicago-Naperville-Elgin, IL-IN-WI",2025,N/R,582.97,439.26,582.97
99284,23,"Chicago-Naperville-Elgin, IL-IN-WI",2025,N/R,863.86,274.55,274.55
99284,23,"Chicago-Naperville-Elgin, IL-IN-WI",2025,N/R,736.4,403.94,403.94
99284,23,"Chicago-Naperville-Elgin, IL-IN-WI",2025,N/R,864.29,309.94,864.29
99284,23,"Chicago-Naperville-Elgin, IL-IN-WI",2025,N/R,678.17,268.06,678.17
99284,23,"Chicago-Naperville-Elgin, IL-IN-WI",2025,N/R,837.84,309.9,837.84
99284,23,"Chicago-Naperville-Elgin, IL-IN-WI",2025,N/R,530.53,323.72,530.53
99284,23,"Chicago-Naperville-Elgin, IL-IN-WI",2025,N/R,530.26,378.89,530.26
99284,23,"Chicago-Naperville-Elgin, IL-IN-WI",2025,N/R,561.75,438.55,561.75
99284,23,"Chicago-Naperville-Elgin, IL-IN-WI",2025,N/R,869.08,344.42,869.08
99284,23,"Chicago-Naperville-Elgin, IL-IN-WI",2025,N/R,613.62,324.02,613.62
99284,23,"Chicago-Naperville-Elgin, IL-IN-WI",2025,N/R,820.64,398.44,820.64
99284,23,"Chicago-Naperville-Elgin, IL-IN-WI",2025,N/R,618.65,325.35,618.65
99284,23,"Chicago-Naperville-Elgin, IL-IN-WI",2025,N/R,710.94,287.9,710.94
99284,23,"Chicago-Naperville-Elgin, IL-IN-WI",2025,N/R,698.92,235.59,235.59
99284,23,"Chicago-Naperville-Elgin, IL-IN-WI",2025,N/R,748.71,410.13,410.13
99284,23,"Chicago-Naperville-Elgin, IL-IN-WI",2025,N/R,805.03,453.51,805.03
99284,23,"Chicago-Naperville-Elgin, IL-IN-WI",2025,N/R,673.51,228.35,673.51
99284,23,"Chicago-Naperville-Elgin, IL-IN-WI",2025,N/R,746.78,358.64,358.64
99284,23,"Chicago-Naperville-Elgin, IL-IN-WI",2025,N/R,596.8,279.2,279.2
99284,23,"Chicago-Naperville-Elgin, IL-IN-WI",2025,N/R,836.83,337.34,836.83
99284,23,"Chicago-Naperville-Elgin, IL-IN-WI",2025,N/R,664.47,415.5,664.47
99284,23,"Chicago-Naperville-Elgin, IL-IN-WI",2025,N/R,699.98,316.1,699.98
99284,23,"Chicago-Naperville-Elgin, IL-IN-WI",2025,N/R,753.41,385.17,385.17
99284,23,"Chicago-Naperville-Elgin, IL-IN-WI",2025,N/R,813.0,312.79,813.0
99284,23,"Chicago-Naperville-Elgin, IL-IN-WI",2025,N/R,824.94,407.89,407.89
99284,23,"Chicago-Naperville-Elgin, IL-IN-WI",2025,N/R,597.53,420.35,420.35
99284,23,"Chicago-Naperville-Elgin, IL-IN-WI",2025,N/R,550.12,297.56,550.12
99284,23,"Chicago-Naperville-Elgin, IL-IN-WI",2025,N/R,577.0,416.59,577.0
99284,23,"Chicago-Naperville-Elgin, IL-IN-WI",2025,N/R,786.12,294.8,786.12
99284,23,"Chicago-Naperville-Elgin, IL-IN-WI",2025,N/R,600.72,340.7,340.7
99284,23,"Chicago-Naperville-Elgin, IL-IN-WI",2025,N/R,604.97,383.66,604.97
99284,23,"Chicago-Naperville-Elgin, IL-IN-WI",2025,N/R,773.21,311.26,773.21
99284,23,"Chicago-Naperville-Elgin, IL-IN-WI",2025,N/R,575.0,240.64,575.0
99284,23,"Chicago-Naperville-Elgin, IL-IN-WI",2025,N/R,681.33,255.54,255.54
99284,23,"Chicago-Naperville-Elgin, IL-IN-WI",2025,N/R,775.37,232.31,232.31
99284,23,"Chicago-Naperville-Elgin, IL-IN-WI",2025,N/R,751.91,328.45,751.91
99284,23,"Chicago-Naperville-Elgin, IL-IN-WI",2025,N/R,895.26,312.56,895.26
99284,23,"Chicago-Naperville-Elgin, IL-IN-WI",2025,N/R,767.93,310.7,767.93
99284,23,"Chicago-Naperville-Elgin, IL-IN-WI",2025,N/R,814.44,372.14,814.44
99284,23,"Chicago-Naperville-Elgin, IL-IN-WI",2025,N/R,720.37,278.35,278.35
